{
  "num_rows": 15907,
  "features": {
    "amount": {
      "type": "continuous",
      "group": "default",
      "statistics": {
        "cnt": 15907.0,
        "min": 1.15,
        "max": 35535682.52,
        "mean": 185459.22685672969,
        "std": 659231.1548959187,
        "skew": 26.8581555402622,
        "kurt": 1110.5092693349527,
        "ste": 5226.892680197317,
        "cv": 355.458806805652,
        "var": 434585715585.4067,
        "sum": 2950099921.609999,
        "uss": 7460078228428953.0,
        "css": 6912954977817064.0,
        "histogram": {
          "edges": [
            0.79,
            3694655.887,
            7389310.984,
            11083966.081,
            14778621.178,
            18473276.275,
            22167931.372,
            25862586.469,
            29557241.566,
            33251896.663,
            36946551.76
          ],
          "values": [
            15856.0,
            29.0,
            17.0,
            1.0,
            0.0,
            2.0,
            1.0,
            0.0,
            0.0,
            1.0
          ]
        }
      }
    },
    "newbalanceorig": {
      "type": "continuous",
      "group": "default",
      "statistics": {
        "cnt": 15907.0,
        "min": 0.0,
        "max": 31480191.82,
        "mean": 836717.1689759216,
        "std": 2873934.4463832523,
        "skew": 5.309538495940493,
        "kurt": 34.05508434950255,
        "ste": 22786.767296426133,
        "cv": 343.4774082502371,
        "var": 8259499202108.211,
        "sum": 13309660006.899984,
        "uss": 1.425202748489407e+17,
        "css": 1.3138385380793531e+17,
        "histogram": {
          "edges": [
            0.0,
            3489219.309,
            6978438.618,
            10467657.927,
            13956877.236,
            17446096.545,
            20935315.854,
            24424535.163,
            27913754.472,
            31402973.781,
            34892193.09
          ],
          "values": [
            14702.0,
            584.0,
            299.0,
            125.0,
            70.0,
            53.0,
            34.0,
            27.0,
            12.0,
            1.0
          ]
        }
      }
    },
    "oldbalancedest": {
      "type": "continuous",
      "group": "default",
      "statistics": {
        "cnt": 15907.0,
        "min": 0.0,
        "max": 176823768.5,
        "mean": 1145229.079125541,
        "std": 3582116.421871635,
        "skew": 18.160901814041424,
        "kurt": 636.4385913971623,
        "ste": 28401.779809771808,
        "cv": 312.78601697808966,
        "var": 12831558059842.447,
        "sum": 18217158961.649982,
        "uss": 2.249744142398478e+17,
        "css": 2.041115940579138e+17,
        "histogram": {
          "edges": [
            0.0,
            21924479.98,
            43848959.96,
            65773439.94,
            87697919.92,
            109622399.9,
            131546879.88,
            153471359.86,
            175395839.84,
            197320319.82,
            219244799.8
          ],
          "values": [
            15856.0,
            42.0,
            3.0,
            2.0,
            1.0,
            1.0,
            1.0,
            1.0,
            0.0,
            0.0
          ]
        }
      }
    },
    "newbalancedest": {
      "type": "continuous",
      "group": "default",
      "statistics": {
        "cnt": 15907.0,
        "min": 0.0,
        "max": 212359451.0,
        "mean": 1284985.5671333398,
        "std": 4026257.6326138717,
        "skew": 18.78612072589968,
        "kurt": 683.9276786031498,
        "ste": 31923.273638092305,
        "cv": 313.3309614983463,
        "var": 16210750524181.46,
        "sum": 20440265416.390038,
        "uss": 2.8412985463659043e+17,
        "css": 2.578644085881545e+17,
        "histogram": {
          "edges": [
            0.0,
            23390990.09,
            46781980.18,
            70172970.27,
            93563960.36,
            116954950.45,
            140345940.54,
            163736930.63,
            187127920.72,
            210518910.81,
            233909900.9
          ],
          "values": [
            15844.0,
            50.0,
            5.0,
            4.0,
            1.0,
            2.0,
            1.0,
            0.0,
            0.0,
            0.0
          ]
        }
      }
    },
    "oldbalanceorig": {
      "type": "continuous",
      "group": "default",
      "statistics": {
        "cnt": 15907.0,
        "min": 0.0,
        "max": 31267480.83,
        "mean": 815175.1092449874,
        "std": 2837692.185088678,
        "skew": 5.38533101553301,
        "kurt": 34.97082048237933,
        "ste": 22499.410716162085,
        "cv": 348.1082963532755,
        "var": 8052496937313.354,
        "sum": 12966990462.760014,
        "uss": 1.3866143664890262e+17,
        "css": 1.2809106878184352e+17,
        "histogram": {
          "edges": [
            0.0,
            4489219.309,
            8978438.618,
            13467657.927,
            17956877.236,
            22446096.545,
            26935315.854,
            31424535.163,
            35913754.472,
            40402973.781,
            44892193.09
          ],
          "values": [
            14925.0,
            585.0,
            193.0,
            92.0,
            56.0,
            39.0,
            17.0,
            0.0,
            0.0,
            0.0
          ]
        }
      }
    }
  },
  "targets": {
    "isfraud": {
      "type": "categorical",
      "group": "default",
      "statistics": {
        "frequency": {
          "1": 154.0,
          "0": 15753.0
        }
      },
      "categories": [
        "1",
        "0"
      ]
    }
  }
}