{
  "num_rows": 1761,
  "features": {
    "tenure": {
      "type": "continuous",
      "group": "default",
      "statistics": {
        "cnt": 1761.0,
        "min": 0.0,
        "max": 72.0,
        "mean": 31.939806927881886,
        "std": 24.760655757820142,
        "skew": 0.27466739435665527,
        "kurt": -1.3748505879214192,
        "ste": 0.5900413721705909,
        "cv": 77.52287236340588,
        "var": 613.0900735572717,
        "sum": 56246.0,
        "uss": 2876138.0,
        "css": 1079651.6195343556,
        "histogram": {
          "edges": [
            0.0,
            7.2,
            14.4,
            21.6,
            28.8,
            36.0,
            43.2,
            50.4,
            57.6,
            64.8,
            72.0
          ],
          "values": [
            414.0,
            199.0,
            132.0,
            154.0,
            122.0,
            108.0,
            112.0,
            120.0,
            114.0,
            286.0
          ]
        }
      }
    },
    "monthlycharges": {
      "type": "continuous",
      "group": "default",
      "statistics": {
        "cnt": 1761.0,
        "min": 0.005472636815920405,
        "max": 0.9990049751243781,
        "mean": 0.46204073330112644,
        "std": 0.29363966712199263,
        "skew": -0.2278569059640314,
        "kurt": -1.2034345206700265,
        "ste": 0.006997373325125109,
        "cv": 63.55276622994589,
        "var": 0.08622425410751464,
        "sum": 813.6537313432837,
        "uss": 527.7820781663818,
        "css": 151.8409114833333,
        "histogram": {
          "edges": [
            0.0,
            0.1,
            0.2,
            0.3,
            0.4,
            0.5,
            0.6,
            0.7,
            0.8,
            0.9,
            1.0
          ],
          "values": [
            385.0,
            58.0,
            79.0,
            172.0,
            124.0,
            249.0,
            240.0,
            204.0,
            184.0,
            66.0
          ]
        }
      }
    },
    "totalcharges": {
      "type": "continuous",
      "group": "default",
      "statistics": {
        "cnt": 1761.0,
        "min": 0.0,
        "max": 0.98370140935888,
        "mean": 0.25914981462452863,
        "std": 0.26098452968806646,
        "skew": 1.004035629952236,
        "kurt": -0.12933094670760442,
        "ste": 0.006219208066159879,
        "cv": 100.70797467719437,
        "var": 0.06811292473650125,
        "sum": 456.36282355379495,
        "uss": 238.21320158647114,
        "css": 119.9468604609787,
        "histogram": {
          "edges": [
            0.0,
            0.1,
            0.2,
            0.3,
            0.4,
            0.5,
            0.6,
            0.7,
            0.8,
            0.9,
            1.0
          ],
          "values": [
            690.0,
            292.0,
            184.0,
            129.0,
            116.0,
            99.0,
            83.0,
            73.0,
            69.0,
            26.0
          ]
        }
      }
    }
  },
  "targets": {
    "churn": {
      "type": "categorical",
      "group": "default",
      "statistics": {
        "frequency": {
          "0": 1488.0,
          "1": 273.0
        }
      },
      "categories": [
        "0",
        "1"
      ]
    }
  }
}