SERVER_ID,SERVER ZIP,SERVER_LAT
CV186,29461,POINT(-80.007539 33.159784)
OL162,51503,POINT(-95.784481 41.22322)
JM76,35768,POINT(-86.104193 34.768891)
VP10,74361,POINT(-95.306842 36.302767)
EA59,97058,POINT(-121.155254 45.536452)
ZG67,07102,POINT(-73.522621 41.071023)
